account_number,customer_ref,account_type,currency,opened_on,risk_rating,status
MT5000000014,C00001,SAVINGS,INR,2024-01-27,LOW,ACTIVE
MT5000000069,C00001,NRE,INR,2025-03-21,LOW,ACTIVE
MT5000000150,C00002,BUSINESS,INR,2021-07-14,LOW,ACTIVE
MT5000000208,C00002,CURRENT,INR,2024-06-21,LOW,ACTIVE
MT5000000294,C00003,SAVINGS,INR,2021-09-07,LOW,ACTIVE
MT5000000391,C00004,SAVINGS,INR,2021-12-08,LOW,ACTIVE
MT5000000408,C00004,CURRENT,INR,2021-01-24,LOW,ACTIVE
MT5000000448,C00005,SAVINGS,INR,2022-05-21,LOW,ACTIVE
MT5000000509,C00006,SAVINGS,INR,2024-12-03,MEDIUM,ACTIVE
MT5000000528,C00006,WALLET,INR,2024-10-10,MEDIUM,ACTIVE
MT5000000618,C00007,SAVINGS,INR,2021-01-29,LOW,ACTIVE
MT5000000660,C00008,SAVINGS,INR,2023-09-06,LOW,ACTIVE
MT5000000669,C00008,NRE,INR,2025-08-03,LOW,ACTIVE
MT5000000691,C00009,SAVINGS,INR,2024-08-21,LOW,ACTIVE
MT5000000769,C00009,WALLET,INR,2025-07-05,LOW,ACTIVE
MT5000000861,C00010,BUSINESS,INR,2021-10-03,LOW,ACTIVE
MT5000000933,C00010,CURRENT,INR,2021-10-12,LOW,ACTIVE
MT5000001009,C00011,SAVINGS,INR,2023-11-27,LOW,ACTIVE
MT5000001041,C00011,WALLET,INR,2025-05-01,MEDIUM,ACTIVE
MT5000001085,C00012,SAVINGS,INR,2025-01-20,MEDIUM,ACTIVE
MT5000001141,C00013,SAVINGS,INR,2023-01-16,LOW,ACTIVE
MT5000001211,C00013,WALLET,INR,2024-11-24,LOW,ACTIVE
MT5000001306,C00014,SAVINGS,INR,2021-01-01,LOW,ACTIVE
MT5000001369,C00014,CURRENT,INR,2023-08-17,LOW,ACTIVE
MT5000001426,C00015,SAVINGS,INR,2025-03-27,LOW,ACTIVE
MT5000001503,C00016,SAVINGS,INR,2025-08-12,LOW,ACTIVE
MT5000001580,C00016,NRE,INR,2024-05-21,LOW,ACTIVE
MT5000001592,C00017,BUSINESS,INR,2025-01-01,MEDIUM,ACTIVE
MT5000001667,C00017,CURRENT,INR,2022-08-28,MEDIUM,ACTIVE
MT5000001752,C00018,SAVINGS,INR,2025-05-21,LOW,ACTIVE
MT5000001790,C00018,NRE,INR,2022-10-09,LOW,ACTIVE
MT5000001878,C00019,SAVINGS,INR,2021-04-21,LOW,ACTIVE
MT5000001965,C00020,BUSINESS,INR,2024-07-07,MEDIUM,ACTIVE
MT5000002021,C00020,CURRENT,INR,2021-02-02,HIGH,ACTIVE
MT5000002023,C00021,SAVINGS,INR,2022-10-17,MEDIUM,ACTIVE
MT5000002040,C00022,SAVINGS,INR,2021-06-11,LOW,ACTIVE
MT5000002088,C00022,WALLET,INR,2025-12-04,LOW,ACTIVE
MT5000002134,C00023,BUSINESS,INR,2025-08-10,MEDIUM,ACTIVE
MT5000002138,C00023,CURRENT,USD,2022-04-14,LOW,ACTIVE
MT5000002230,C00024,SAVINGS,INR,2024-01-29,LOW,ACTIVE
MT5000002286,C00024,WALLET,INR,2025-01-14,LOW,ACTIVE
MT5000002311,C00025,SAVINGS,INR,2023-02-09,LOW,ACTIVE
MT5000002358,C00025,NRE,INR,2025-05-11,LOW,ACTIVE
MT5000002375,C00026,SAVINGS,INR,2025-06-20,MEDIUM,ACTIVE
MT5000002458,C00026,CURRENT,USD,2021-04-05,MEDIUM,ACTIVE
MT5000002476,C00027,SAVINGS,INR,2025-09-30,LOW,ACTIVE
MT5000002530,C00027,NRE,INR,2021-03-18,LOW,ACTIVE
MT5000002585,C00028,SAVINGS,INR,2022-09-23,LOW,ACTIVE
MT5000002651,C00028,NRE,INR,2023-02-16,MEDIUM,ACTIVE
MT5000002680,C00029,SAVINGS,INR,2025-03-07,LOW,ACTIVE
MT5000002744,C00030,SAVINGS,INR,2021-06-22,LOW,ACTIVE
MT5000002779,C00031,SAVINGS,INR,2023-12-02,MEDIUM,ACTIVE
MT5000002853,C00031,NRE,INR,2026-01-13,MEDIUM,ACTIVE
MT5000002944,C00032,SAVINGS,INR,2024-02-27,LOW,ACTIVE
MT5000003006,C00032,WALLET,INR,2025-10-10,LOW,ACTIVE
MT5000003103,C00033,SAVINGS,INR,2021-11-08,LOW,ACTIVE
MT5000003170,C00033,CURRENT,INR,2022-10-20,LOW,ACTIVE
MT5000003265,C00034,SAVINGS,INR,2022-07-02,MEDIUM,ACTIVE
MT5000003275,C00034,WALLET,INR,2022-09-02,LOW,ACTIVE
MT5000003354,C00035,SAVINGS,INR,2025-12-04,MEDIUM,ACTIVE
MT5000003423,C00035,CURRENT,INR,2023-05-08,MEDIUM,ACTIVE
MT5000003466,C00036,BUSINESS,INR,2023-11-11,LOW,ACTIVE
MT5000003504,C00036,CURRENT,INR,2026-01-09,LOW,ACTIVE
MT5000003543,C00037,SAVINGS,INR,2022-02-23,LOW,ACTIVE
MT5000003577,C00037,CURRENT,INR,2022-12-24,LOW,ACTIVE
MT5000003615,C00038,SAVINGS,INR,2021-09-08,LOW,ACTIVE
MT5000003678,C00039,SAVINGS,INR,2025-10-05,LOW,ACTIVE
MT5000003714,C00040,SAVINGS,INR,2024-10-22,LOW,ACTIVE
MT5000003747,C00041,SAVINGS,INR,2026-02-21,LOW,ACTIVE
MT5000003823,C00042,BUSINESS,INR,2022-01-29,LOW,ACTIVE
MT5000003881,C00042,CURRENT,INR,2025-03-28,LOW,ACTIVE
MT5000003944,C00043,SAVINGS,INR,2025-03-17,MEDIUM,ACTIVE
MT5000003949,C00043,NRE,INR,2025-10-01,MEDIUM,ACTIVE
MT5000003969,C00044,SAVINGS,INR,2021-07-11,LOW,ACTIVE
MT5000004022,C00044,NRE,INR,2024-11-20,LOW,ACTIVE
MT5000004044,C00045,SAVINGS,INR,2025-01-15,LOW,ACTIVE
MT5000004089,C00045,CURRENT,INR,2021-12-26,MEDIUM,ACTIVE
MT5000004149,C00046,SAVINGS,INR,2023-12-27,MEDIUM,ACTIVE
MT5000004246,C00047,SAVINGS,INR,2021-01-18,LOW,ACTIVE
MT5000004295,C00047,WALLET,INR,2022-04-07,LOW,ACTIVE
MT5000004363,C00048,SAVINGS,INR,2021-05-05,MEDIUM,ACTIVE
MT5000004421,C00049,SAVINGS,INR,2024-01-30,LOW,ACTIVE
MT5000004509,C00050,SAVINGS,INR,2025-12-28,LOW,ACTIVE
MT5000004578,C00050,WALLET,INR,2024-03-28,MEDIUM,ACTIVE
MT5000004662,C00051,SAVINGS,INR,2021-05-30,LOW,ACTIVE
MT5000004697,C00051,NRE,INR,2021-09-21,LOW,ACTIVE
MT5000004748,C00052,SAVINGS,INR,2023-08-21,LOW,ACTIVE
MT5000004844,C00052,CURRENT,INR,2022-12-03,LOW,ACTIVE
MT5000004931,C00053,SAVINGS,INR,2022-05-09,MEDIUM,ACTIVE
MT5000004972,C00053,WALLET,INR,2026-03-01,LOW,ACTIVE
MT5000004974,C00054,SAVINGS,INR,2023-12-01,LOW,ACTIVE
MT5000004988,C00054,WALLET,INR,2023-09-21,LOW,ACTIVE
MT5000005021,C00055,SAVINGS,INR,2025-02-20,LOW,ACTIVE
MT5000005101,C00055,CURRENT,USD,2022-11-22,LOW,ACTIVE
MT5000005178,C00056,SAVINGS,INR,2022-08-24,MEDIUM,ACTIVE
MT5000005194,C00056,CURRENT,INR,2025-06-29,MEDIUM,ACTIVE
MT5000005277,C00057,SAVINGS,INR,2023-01-18,MEDIUM,ACTIVE
MT5000005301,C00057,CURRENT,INR,2024-10-20,LOW,ACTIVE
MT5000005311,C00058,SAVINGS,INR,2022-08-22,LOW,ACTIVE
MT5000005347,C00058,NRE,INR,2022-05-05,MEDIUM,ACTIVE
MT5000005389,C00059,SAVINGS,INR,2024-10-11,LOW,ACTIVE
MT5000005399,C00059,NRE,INR,2021-11-12,LOW,ACTIVE
MT5000005407,C00060,SAVINGS,INR,2024-10-10,MEDIUM,ACTIVE
MT5000005464,C00061,SAVINGS,INR,2025-10-31,LOW,ACTIVE
MT5000005543,C00062,SAVINGS,INR,2024-01-08,LOW,ACTIVE
MT5000005606,C00062,CURRENT,USD,2021-11-29,LOW,ACTIVE
MT5000005620,C00063,SAVINGS,INR,2021-02-07,LOW,ACTIVE
MT5000005654,C00063,CURRENT,USD,2025-10-29,LOW,ACTIVE
MT5000005712,C00064,SAVINGS,INR,2026-02-12,MEDIUM,ACTIVE
MT5000005794,C00065,BUSINESS,INR,2026-03-21,MEDIUM,ACTIVE
MT5000005829,C00066,SAVINGS,INR,2025-05-16,LOW,ACTIVE
MT5000005880,C00066,WALLET,INR,2026-03-15,LOW,ACTIVE
MT5000005943,C00067,BUSINESS,INR,2023-07-17,LOW,ACTIVE
MT5000006037,C00067,CURRENT,INR,2021-10-26,LOW,ACTIVE
MT5000006087,C00068,SAVINGS,INR,2022-05-11,MEDIUM,ACTIVE
MT5000006160,C00069,BUSINESS,INR,2023-03-22,MEDIUM,ACTIVE
MT5000006206,C00069,CURRENT,INR,2024-07-10,LOW,ACTIVE
MT5000006289,C00070,SAVINGS,INR,2025-09-18,LOW,ACTIVE
MT5000006333,C00070,CURRENT,INR,2021-12-16,LOW,ACTIVE
MT5000006356,C00071,BUSINESS,INR,2023-02-11,LOW,ACTIVE
MT5000006406,C00071,CURRENT,INR,2024-07-18,LOW,ACTIVE
MT5000006487,C00072,SAVINGS,INR,2022-05-12,LOW,ACTIVE
MT5000006498,C00072,WALLET,INR,2023-10-08,LOW,ACTIVE
MT5000006523,C00073,SAVINGS,INR,2026-01-30,LOW,ACTIVE
MT5000006586,C00074,BUSINESS,INR,2024-01-16,LOW,ACTIVE
MT5000006656,C00074,CURRENT,INR,2023-06-03,LOW,ACTIVE
MT5000006714,C00075,SAVINGS,INR,2026-02-17,LOW,ACTIVE
MT5000006722,C00075,NRE,INR,2021-10-21,LOW,ACTIVE
MT5000006750,C00076,SAVINGS,INR,2021-09-12,LOW,ACTIVE
MT5000006817,C00076,NRE,INR,2020-12-13,LOW,ACTIVE
MT5000006837,C00077,SAVINGS,INR,2022-01-25,MEDIUM,ACTIVE
MT5000006847,C00077,CURRENT,INR,2023-06-25,MEDIUM,ACTIVE
MT5000006927,C00078,SAVINGS,INR,2025-12-19,LOW,ACTIVE
MT5000007011,C00078,CURRENT,USD,2022-09-04,LOW,ACTIVE
MT5000007024,C00079,SAVINGS,INR,2023-08-31,HIGH,ACTIVE
MT5000007033,C00080,SAVINGS,INR,2021-08-21,MEDIUM,ACTIVE
MT5000007048,C00080,NRE,INR,2022-11-20,LOW,ACTIVE
MT5000007074,C00081,SAVINGS,INR,2023-11-01,LOW,ACTIVE
MT5000007169,C00082,SAVINGS,INR,2022-06-02,MEDIUM,ACTIVE
MT5000007185,C00082,WALLET,INR,2022-12-29,MEDIUM,ACTIVE
MT5000007213,C00083,SAVINGS,INR,2021-12-08,LOW,ACTIVE
MT5000007222,C00084,BUSINESS,INR,2025-07-18,LOW,ACTIVE
MT5000007244,C00085,BUSINESS,INR,2022-04-26,LOW,ACTIVE
MT5000007266,C00085,CURRENT,INR,2021-01-12,LOW,ACTIVE
MT5000007347,C00086,BUSINESS,INR,2022-10-15,MEDIUM,ACTIVE
MT5000007410,C00087,SAVINGS,INR,2025-10-08,MEDIUM,ACTIVE
MT5000007422,C00088,SAVINGS,INR,2022-04-05,LOW,ACTIVE
MT5000007476,C00089,SAVINGS,INR,2022-05-02,MEDIUM,ACTIVE
MT5000007537,C00089,WALLET,INR,2025-07-06,LOW,ACTIVE
MT5000007604,C00090,SAVINGS,INR,2023-09-12,LOW,ACTIVE
MT5000007627,C00090,WALLET,INR,2022-05-06,LOW,ACTIVE
MT5000007691,C00091,BUSINESS,INR,2022-10-16,MEDIUM,ACTIVE
MT5000007730,C00092,SAVINGS,INR,2024-04-09,HIGH,ACTIVE
MT5000007802,C00092,CURRENT,USD,2023-04-02,MEDIUM,ACTIVE
MT5000007872,C00093,SAVINGS,INR,2023-05-18,LOW,ACTIVE
MT5000007953,C00093,WALLET,INR,2025-01-20,LOW,ACTIVE
MT5000007973,C00094,SAVINGS,INR,2022-05-19,MEDIUM,ACTIVE
MT5000008037,C00095,SAVINGS,INR,2025-03-26,LOW,ACTIVE
MT5000008043,C00095,CURRENT,INR,2024-08-16,LOW,ACTIVE
MT5000008122,C00096,SAVINGS,INR,2021-09-16,MEDIUM,ACTIVE
MT5000008136,C00097,SAVINGS,INR,2022-01-26,LOW,ACTIVE
MT5000008205,C00097,CURRENT,USD,2026-01-22,LOW,ACTIVE
MT5000008236,C00098,SAVINGS,INR,2022-03-06,LOW,ACTIVE
MT5000008290,C00099,SAVINGS,INR,2025-02-08,LOW,ACTIVE
MT5000008332,C00099,CURRENT,INR,2024-05-24,LOW,ACTIVE
MT5000008385,C00100,SAVINGS,INR,2021-05-06,LOW,ACTIVE
MT5000008395,C00101,BUSINESS,INR,2023-08-01,LOW,ACTIVE
MT5000008402,C00101,CURRENT,INR,2025-05-30,LOW,ACTIVE
MT5000008425,C00102,SAVINGS,INR,2024-01-19,LOW,ACTIVE
MT5000008484,C00102,WALLET,INR,2025-02-18,LOW,ACTIVE
MT5000008510,C00103,SAVINGS,INR,2024-05-04,LOW,ACTIVE
MT5000008599,C00103,WALLET,INR,2025-11-20,LOW,ACTIVE
MT5000008659,C00104,SAVINGS,INR,2023-08-26,LOW,ACTIVE
MT5000008688,C00105,SAVINGS,INR,2021-04-02,LOW,ACTIVE
MT5000008709,C00105,WALLET,INR,2022-10-17,MEDIUM,ACTIVE
MT5000008780,C00106,SAVINGS,INR,2021-06-05,LOW,ACTIVE
MT5000008833,C00106,WALLET,INR,2023-06-25,MEDIUM,ACTIVE
MT5000008894,C00107,SAVINGS,INR,2021-07-12,MEDIUM,ACTIVE
MT5000008949,C00108,SAVINGS,INR,2022-02-04,MEDIUM,ACTIVE
MT5000009005,C00109,SAVINGS,INR,2022-12-22,LOW,ACTIVE
MT5000009025,C00110,SAVINGS,INR,2021-02-05,LOW,ACTIVE
MT5000009026,C00110,NRE,INR,2025-12-22,LOW,ACTIVE
MT5000009091,C00111,SAVINGS,INR,2026-01-13,LOW,ACTIVE
MT5000009142,C00111,NRE,INR,2021-09-06,LOW,ACTIVE
MT5000009200,C00112,SAVINGS,INR,2023-06-12,LOW,ACTIVE
MT5000009272,C00112,CURRENT,INR,2023-12-11,MEDIUM,ACTIVE
MT5000009310,C00113,SAVINGS,INR,2024-11-18,LOW,ACTIVE
MT5000009372,C00114,SAVINGS,INR,2022-06-21,LOW,ACTIVE
MT5000009446,C00115,SAVINGS,INR,2022-01-12,LOW,ACTIVE
MT5000009505,C00115,NRE,INR,2021-11-23,LOW,ACTIVE
MT5000009529,C00116,SAVINGS,INR,2021-10-17,MEDIUM,ACTIVE
MT5000009610,C00116,NRE,INR,2022-04-11,LOW,ACTIVE
MT5000009620,C00117,SAVINGS,INR,2024-01-24,MEDIUM,ACTIVE
MT5000009663,C00117,WALLET,INR,2026-01-15,LOW,ACTIVE
MT5000009753,C00118,SAVINGS,INR,2020-12-01,LOW,ACTIVE
MT5000009827,C00118,CURRENT,INR,2025-10-08,LOW,ACTIVE
MT5000009835,C00119,BUSINESS,INR,2023-05-03,MEDIUM,ACTIVE
MT5000009842,C00120,SAVINGS,INR,2025-08-07,LOW,ACTIVE
MT5000009902,C00120,WALLET,INR,2025-12-29,LOW,ACTIVE
MT5000009974,C00121,SAVINGS,INR,2022-04-09,LOW,ACTIVE
MT5000010001,C00122,SAVINGS,INR,2025-06-12,MEDIUM,ACTIVE
MT5000010032,C00122,WALLET,INR,2025-08-02,LOW,ACTIVE
MT5000010129,C00123,SAVINGS,INR,2022-12-20,MEDIUM,ACTIVE
MT5000010219,C00123,CURRENT,INR,2021-12-15,HIGH,ACTIVE
MT5000010254,C00124,SAVINGS,INR,2023-05-26,MEDIUM,ACTIVE
MT5000010263,C00125,BUSINESS,INR,2024-02-18,LOW,ACTIVE
MT5000010331,C00126,SAVINGS,INR,2021-07-28,LOW,ACTIVE
MT5000010422,C00126,WALLET,INR,2022-06-02,MEDIUM,ACTIVE
MT5000010480,C00127,SAVINGS,INR,2022-09-28,LOW,ACTIVE
MT5000010567,C00127,WALLET,INR,2021-09-08,MEDIUM,ACTIVE
MT5000010592,C00128,SAVINGS,INR,2021-03-22,MEDIUM,ACTIVE
MT5000010604,C00128,CURRENT,INR,2025-03-21,LOW,ACTIVE
MT5000010618,C00129,SAVINGS,INR,2025-04-19,LOW,ACTIVE
MT5000010708,C00129,CURRENT,INR,2021-04-26,LOW,ACTIVE
MT5000010711,C00130,SAVINGS,INR,2024-07-30,LOW,ACTIVE
MT5000010799,C00130,WALLET,INR,2020-12-30,LOW,ACTIVE
MT5000010856,C00131,SAVINGS,INR,2022-02-01,HIGH,ACTIVE
MT5000010865,C00132,SAVINGS,INR,2026-02-05,MEDIUM,ACTIVE
MT5000010932,C00133,BUSINESS,INR,2022-08-10,LOW,ACTIVE
MT5000011016,C00134,BUSINESS,INR,2022-08-07,LOW,ACTIVE
MT5000011079,C00134,CURRENT,INR,2022-04-25,LOW,ACTIVE
MT5000011138,C00135,SAVINGS,INR,2024-07-08,MEDIUM,ACTIVE
MT5000011178,C00135,CURRENT,INR,2024-12-13,MEDIUM,ACTIVE
MT5000011185,C00136,SAVINGS,INR,2025-05-23,LOW,ACTIVE
MT5000011244,C00136,CURRENT,INR,2025-04-27,LOW,ACTIVE
MT5000011267,C00137,BUSINESS,INR,2021-07-08,LOW,ACTIVE
MT5000011287,C00138,SAVINGS,INR,2025-04-26,HIGH,ACTIVE
MT5000011293,C00138,NRE,INR,2023-01-01,HIGH,ACTIVE
MT5000011317,C00139,SAVINGS,INR,2025-01-26,HIGH,ACTIVE
MT5000011358,C00140,SAVINGS,INR,2024-04-17,LOW,ACTIVE
MT5000011379,C00141,SAVINGS,INR,2023-03-26,LOW,ACTIVE
MT5000011383,C00141,NRE,INR,2021-01-01,LOW,ACTIVE
MT5000011442,C00142,SAVINGS,INR,2021-01-07,LOW,ACTIVE
MT5000011537,C00143,SAVINGS,INR,2023-02-28,MEDIUM,ACTIVE
MT5000011628,C00144,SAVINGS,INR,2024-07-25,LOW,ACTIVE
MT5000011725,C00145,SAVINGS,INR,2023-01-03,LOW,ACTIVE
MT5000011819,C00146,SAVINGS,INR,2021-02-19,MEDIUM,ACTIVE
MT5000011863,C00146,WALLET,INR,2025-08-04,MEDIUM,ACTIVE
MT5000011881,C00147,SAVINGS,INR,2022-06-03,LOW,ACTIVE
MT5000011921,C00147,CURRENT,INR,2021-07-04,LOW,ACTIVE
MT5000011963,C00148,SAVINGS,INR,2025-11-30,LOW,ACTIVE
MT5000012031,C00149,SAVINGS,INR,2024-12-23,LOW,ACTIVE
MT5000012057,C00150,SAVINGS,INR,2026-02-04,LOW,ACTIVE
MT5000012115,C00150,WALLET,INR,2022-06-16,MEDIUM,ACTIVE
MT5000012166,C00151,SAVINGS,INR,2025-02-17,LOW,ACTIVE
MT5000012244,C00151,WALLET,INR,2023-05-10,MEDIUM,ACTIVE
MT5000012291,C00152,SAVINGS,INR,2023-12-29,LOW,ACTIVE
MT5000012346,C00152,NRE,INR,2024-01-22,LOW,ACTIVE
MT5000012391,C00153,SAVINGS,INR,2024-06-30,MEDIUM,ACTIVE
MT5000012403,C00154,SAVINGS,INR,2025-01-05,LOW,ACTIVE
MT5000012460,C00154,WALLET,INR,2023-11-22,MEDIUM,ACTIVE
MT5000012554,C00155,SAVINGS,INR,2021-03-10,LOW,ACTIVE
MT5000012572,C00156,SAVINGS,INR,2021-07-15,LOW,ACTIVE
MT5000012584,C00156,CURRENT,USD,2023-07-24,MEDIUM,ACTIVE
MT5000012627,C00157,SAVINGS,INR,2025-11-07,MEDIUM,ACTIVE
MT5000012703,C00157,NRE,INR,2025-09-22,LOW,ACTIVE
MT5000012738,C00158,SAVINGS,INR,2023-11-25,LOW,ACTIVE
MT5000012798,C00158,WALLET,INR,2023-01-14,LOW,ACTIVE
MT5000012822,C00159,SAVINGS,INR,2021-07-22,HIGH,ACTIVE
MT5000012828,C00160,SAVINGS,INR,2021-08-10,MEDIUM,ACTIVE
MT5000012903,C00160,NRE,INR,2023-06-15,LOW,ACTIVE
MT5000012907,C00161,SAVINGS,INR,2021-10-14,LOW,ACTIVE
MT5000012941,C00161,NRE,INR,2022-08-19,MEDIUM,ACTIVE
MT5000013025,C00162,SAVINGS,INR,2022-06-28,MEDIUM,ACTIVE
MT5000013079,C00162,CURRENT,INR,2022-05-14,LOW,ACTIVE
MT5000013115,C00163,SAVINGS,INR,2023-06-17,MEDIUM,ACTIVE
MT5000013211,C00164,BUSINESS,INR,2024-03-12,LOW,ACTIVE
MT5000013245,C00165,SAVINGS,INR,2022-09-13,LOW,ACTIVE
MT5000013334,C00165,CURRENT,INR,2022-02-10,LOW,ACTIVE
MT5000013355,C00166,SAVINGS,INR,2022-12-17,LOW,ACTIVE
MT5000013396,C00166,NRE,INR,2021-04-19,LOW,ACTIVE
MT5000013403,C00167,SAVINGS,INR,2024-09-10,LOW,ACTIVE
MT5000013449,C00168,SAVINGS,INR,2025-12-13,LOW,ACTIVE
MT5000013517,C00168,WALLET,INR,2020-12-21,LOW,ACTIVE
MT5000013598,C00169,SAVINGS,INR,2025-03-12,LOW,ACTIVE
MT5000013620,C00170,SAVINGS,INR,2023-03-05,MEDIUM,ACTIVE
MT5000013661,C00170,WALLET,INR,2021-09-26,MEDIUM,ACTIVE
MT5000013750,C00171,SAVINGS,INR,2024-03-10,LOW,ACTIVE
MT5000013825,C00171,NRE,INR,2021-08-09,LOW,ACTIVE
MT5000013862,C00172,SAVINGS,INR,2024-02-18,LOW,ACTIVE
MT5000013883,C00173,SAVINGS,INR,2025-08-25,MEDIUM,ACTIVE
MT5000013948,C00173,CURRENT,INR,2021-10-06,MEDIUM,ACTIVE
MT5000014016,C00174,SAVINGS,INR,2021-06-24,LOW,ACTIVE
MT5000014087,C00174,WALLET,INR,2021-12-25,MEDIUM,ACTIVE
MT5000014097,C00175,BUSINESS,INR,2025-07-27,MEDIUM,ACTIVE
MT5000014100,C00175,CURRENT,INR,2024-06-22,LOW,ACTIVE
MT5000014157,C00176,SAVINGS,INR,2021-03-26,MEDIUM,ACTIVE
MT5000014201,C00177,SAVINGS,INR,2025-04-04,LOW,ACTIVE
MT5000014205,C00177,WALLET,INR,2021-08-27,LOW,ACTIVE
MT5000014294,C00178,SAVINGS,INR,2025-06-04,MEDIUM,ACTIVE
MT5000014321,C00179,SAVINGS,INR,2025-06-29,MEDIUM,ACTIVE
MT5000014336,C00180,SAVINGS,INR,2025-10-14,LOW,ACTIVE
MT5000014398,C00180,NRE,INR,2025-12-25,LOW,ACTIVE
MT5000014483,C00181,SAVINGS,INR,2023-05-06,LOW,ACTIVE
MT5000014516,C00182,SAVINGS,INR,2025-12-24,LOW,ACTIVE
MT5000014602,C00182,CURRENT,INR,2021-11-01,LOW,ACTIVE
MT5000014678,C00183,BUSINESS,INR,2021-03-03,MEDIUM,ACTIVE
MT5000014764,C00183,CURRENT,INR,2025-09-18,MEDIUM,ACTIVE
MT5000014800,C00184,SAVINGS,INR,2022-12-21,LOW,ACTIVE
MT5000014821,C00184,WALLET,INR,2021-11-04,LOW,ACTIVE
MT5000014894,C00185,SAVINGS,INR,2025-11-03,LOW,ACTIVE
MT5000014896,C00186,SAVINGS,INR,2023-04-04,LOW,ACTIVE
MT5000014921,C00186,NRE,INR,2025-04-05,MEDIUM,ACTIVE
MT5000015014,C00187,SAVINGS,INR,2025-09-01,MEDIUM,ACTIVE
MT5000015079,C00187,WALLET,INR,2023-07-24,LOW,ACTIVE
MT5000015136,C00188,SAVINGS,INR,2022-06-12,MEDIUM,ACTIVE
MT5000015160,C00188,NRE,INR,2024-02-04,LOW,ACTIVE
MT5000015213,C00189,SAVINGS,INR,2025-08-03,HIGH,ACTIVE
MT5000015254,C00189,CURRENT,INR,2023-04-23,HIGH,ACTIVE
MT5000015345,C00190,SAVINGS,INR,2024-08-09,LOW,ACTIVE
MT5000015351,C00190,CURRENT,INR,2025-07-29,LOW,ACTIVE
MT5000015446,C00191,SAVINGS,INR,2024-06-22,MEDIUM,ACTIVE
MT5000015503,C00191,CURRENT,INR,2024-08-04,MEDIUM,ACTIVE
MT5000015512,C00192,SAVINGS,INR,2021-03-16,MEDIUM,ACTIVE
MT5000015573,C00192,WALLET,INR,2024-02-29,LOW,ACTIVE
MT5000015636,C00193,SAVINGS,INR,2022-06-15,LOW,ACTIVE
MT5000015693,C00193,WALLET,INR,2022-07-13,LOW,ACTIVE
MT5000015744,C00194,SAVINGS,INR,2023-12-23,LOW,ACTIVE
MT5000015839,C00195,SAVINGS,INR,2021-01-13,MEDIUM,ACTIVE
MT5000015861,C00195,CURRENT,INR,2025-02-08,LOW,ACTIVE
MT5000015913,C00196,SAVINGS,INR,2025-07-14,LOW,ACTIVE
MT5000015968,C00196,WALLET,INR,2023-06-04,LOW,ACTIVE
MT5000016043,C00197,SAVINGS,INR,2022-11-23,LOW,ACTIVE
MT5000016126,C00197,NRE,INR,2024-03-23,LOW,ACTIVE
MT5000016178,C00198,SAVINGS,INR,2023-07-04,LOW,ACTIVE
MT5000016197,C00198,NRE,INR,2025-08-13,LOW,ACTIVE
MT5000016227,C00199,SAVINGS,INR,2022-09-13,MEDIUM,ACTIVE
MT5000016231,C00199,CURRENT,INR,2021-07-26,LOW,ACTIVE
MT5000016254,C00200,SAVINGS,INR,2024-01-29,LOW,ACTIVE
MT5000016296,C00200,CURRENT,INR,2022-09-23,LOW,ACTIVE
MT5000016393,C00201,SAVINGS,INR,2023-04-23,LOW,ACTIVE
MT5000016419,C00202,SAVINGS,INR,2024-07-29,LOW,ACTIVE
MT5000016482,C00202,WALLET,INR,2024-10-03,LOW,ACTIVE
MT5000016552,C00203,SAVINGS,INR,2023-02-27,LOW,ACTIVE
MT5000016557,C00203,NRE,INR,2021-04-15,MEDIUM,ACTIVE
MT5000016598,C00204,SAVINGS,INR,2021-06-10,LOW,ACTIVE
MT5000016603,C00205,SAVINGS,INR,2025-03-25,LOW,ACTIVE
MT5000016642,C00205,WALLET,INR,2025-04-20,LOW,ACTIVE
MT5000016734,C00206,SAVINGS,INR,2024-01-16,LOW,ACTIVE
MT5000016821,C00207,SAVINGS,INR,2023-06-22,LOW,ACTIVE
MT5000016895,C00208,SAVINGS,INR,2023-08-03,LOW,ACTIVE
MT5000016916,C00208,WALLET,INR,2025-11-28,LOW,ACTIVE
MT5000016965,C00209,SAVINGS,INR,2022-10-06,HIGH,ACTIVE
MT5000017002,C00209,NRE,INR,2025-11-17,HIGH,ACTIVE
MT5000017049,C00210,SAVINGS,INR,2024-04-07,MEDIUM,ACTIVE
MT5000017130,C00211,SAVINGS,INR,2024-04-23,LOW,ACTIVE
MT5000017185,C00211,NRE,INR,2024-03-21,LOW,ACTIVE
MT5000017217,C00212,SAVINGS,INR,2024-10-31,LOW,ACTIVE
MT5000017228,C00213,SAVINGS,INR,2021-02-12,LOW,ACTIVE
MT5000017243,C00214,SAVINGS,INR,2024-04-30,LOW,ACTIVE
MT5000017312,C00214,NRE,INR,2026-01-05,LOW,ACTIVE
MT5000017385,C00215,SAVINGS,INR,2023-05-03,MEDIUM,ACTIVE
MT5000017420,C00215,CURRENT,INR,2022-12-04,LOW,ACTIVE
MT5000017494,C00216,SAVINGS,INR,2024-01-13,LOW,ACTIVE
MT5000017557,C00217,SAVINGS,INR,2025-08-30,LOW,ACTIVE
MT5000017621,C00218,SAVINGS,INR,2023-05-28,MEDIUM,ACTIVE
MT5000017643,C00219,SAVINGS,INR,2022-10-10,MEDIUM,ACTIVE
MT5000017699,C00219,CURRENT,INR,2021-06-21,MEDIUM,ACTIVE
MT5000017768,C00220,SAVINGS,INR,2025-01-08,LOW,ACTIVE
MT5000017842,C00221,SAVINGS,INR,2023-12-20,MEDIUM,ACTIVE
MT5000017854,C00222,SAVINGS,INR,2022-03-14,MEDIUM,ACTIVE
MT5000017867,C00222,WALLET,INR,2024-05-02,MEDIUM,ACTIVE
MT5000017935,C00223,SAVINGS,INR,2023-07-23,LOW,ACTIVE
MT5000017980,C00223,CURRENT,INR,2024-07-12,LOW,ACTIVE
MT5000018065,C00224,SAVINGS,INR,2023-03-13,LOW,ACTIVE
MT5000018098,C00225,SAVINGS,INR,2022-09-20,HIGH,ACTIVE
MT5000018184,C00225,WALLET,INR,2025-03-18,MEDIUM,ACTIVE
MT5000018251,C00226,SAVINGS,INR,2021-05-21,LOW,ACTIVE
MT5000018315,C00226,CURRENT,INR,2021-08-08,LOW,ACTIVE
MT5000018397,C00227,SAVINGS,INR,2023-03-27,MEDIUM,ACTIVE
MT5000018453,C00227,WALLET,INR,2022-02-23,LOW,ACTIVE
MT5000018500,C00228,SAVINGS,INR,2023-08-18,LOW,ACTIVE
MT5000018520,C00228,WALLET,INR,2022-05-19,LOW,ACTIVE
MT5000018573,C00229,SAVINGS,INR,2024-06-08,MEDIUM,ACTIVE
MT5000018582,C00229,WALLET,INR,2025-01-30,MEDIUM,ACTIVE
MT5000018619,C00230,SAVINGS,INR,2022-08-07,LOW,ACTIVE
MT5000018650,C00231,SAVINGS,INR,2023-12-12,LOW,ACTIVE
MT5000018670,C00231,CURRENT,USD,2021-10-02,MEDIUM,ACTIVE
MT5000018742,C00232,SAVINGS,INR,2023-10-11,LOW,ACTIVE
MT5000018747,C00232,CURRENT,USD,2025-06-16,LOW,ACTIVE
MT5000018783,C00233,SAVINGS,INR,2022-07-13,LOW,ACTIVE
MT5000018866,C00233,CURRENT,INR,2023-07-01,LOW,ACTIVE
MT5000018877,C00234,BUSINESS,INR,2024-06-18,LOW,ACTIVE
MT5000018930,C00235,SAVINGS,INR,2021-03-12,LOW,ACTIVE
MT5000019015,C00235,CURRENT,INR,2021-07-07,LOW,ACTIVE
MT5000019030,C00236,SAVINGS,INR,2023-01-08,LOW,ACTIVE
MT5000019097,C00237,BUSINESS,INR,2022-07-01,MEDIUM,ACTIVE
MT5000019165,C00237,CURRENT,INR,2021-04-06,LOW,ACTIVE
MT5000019206,C00238,SAVINGS,INR,2024-05-17,MEDIUM,ACTIVE
MT5000019301,C00238,NRE,INR,2021-09-14,LOW,ACTIVE
MT5000019356,C00239,SAVINGS,INR,2024-12-31,LOW,ACTIVE
MT5000019392,C00240,SAVINGS,INR,2023-10-04,LOW,ACTIVE
MT5000019400,C00241,SAVINGS,INR,2023-06-22,LOW,ACTIVE
MT5000019490,C00241,CURRENT,INR,2023-11-06,LOW,ACTIVE
MT5000019526,C00242,SAVINGS,INR,2021-04-16,LOW,ACTIVE
MT5000019587,C00243,SAVINGS,INR,2022-03-18,LOW,ACTIVE
MT5000019670,C00244,SAVINGS,INR,2021-02-23,LOW,ACTIVE
MT5000019755,C00245,SAVINGS,INR,2021-09-28,MEDIUM,ACTIVE
MT5000019844,C00245,WALLET,INR,2024-11-17,LOW,ACTIVE
MT5000019926,C00246,SAVINGS,INR,2022-04-18,LOW,ACTIVE
MT5000019942,C00247,SAVINGS,INR,2023-03-23,MEDIUM,ACTIVE
MT5000019999,C00247,NRE,INR,2026-03-06,MEDIUM,ACTIVE
MT5000020032,C00248,SAVINGS,INR,2024-07-14,LOW,ACTIVE
MT5000020063,C00249,SAVINGS,INR,2024-07-21,LOW,ACTIVE
MT5000020084,C00249,NRE,INR,2022-09-06,LOW,ACTIVE
MT5000020167,C00250,SAVINGS,INR,2023-12-11,LOW,ACTIVE
MT5000020203,C00250,CURRENT,INR,2020-12-12,LOW,ACTIVE
MT5000020246,C00251,SAVINGS,INR,2022-03-14,LOW,ACTIVE
MT5000020259,C00251,CURRENT,INR,2023-05-21,LOW,ACTIVE
MT5000020353,C00252,BUSINESS,INR,2021-08-30,LOW,ACTIVE
MT5000020395,C00252,CURRENT,INR,2026-01-25,LOW,ACTIVE
MT5000020419,C00253,SAVINGS,INR,2022-09-09,MEDIUM,ACTIVE
MT5000020502,C00253,CURRENT,USD,2025-02-06,MEDIUM,ACTIVE
MT5000020513,C00254,SAVINGS,INR,2025-08-08,LOW,ACTIVE
MT5000020597,C00255,BUSINESS,INR,2021-12-11,LOW,ACTIVE
MT5000020674,C00255,CURRENT,INR,2021-10-11,MEDIUM,ACTIVE
MT5000020769,C00256,BUSINESS,INR,2025-06-22,LOW,ACTIVE
MT5000020857,C00256,CURRENT,INR,2024-05-21,LOW,ACTIVE
MT5000020911,C00257,BUSINESS,INR,2024-02-29,LOW,ACTIVE
MT5000020985,C00258,SAVINGS,INR,2024-12-18,LOW,ACTIVE
MT5000020988,C00258,WALLET,INR,2022-08-05,LOW,ACTIVE
MT5000021000,C00259,BUSINESS,INR,2023-08-18,LOW,ACTIVE
MT5000021022,C00260,SAVINGS,INR,2025-12-11,MEDIUM,ACTIVE
MT5000021077,C00260,WALLET,INR,2024-10-06,MEDIUM,ACTIVE
MT5000021099,C00261,BUSINESS,INR,2020-11-29,LOW,ACTIVE
MT5000021101,C00261,CURRENT,INR,2023-10-13,LOW,ACTIVE
MT5000021188,C00262,SAVINGS,INR,2023-06-14,LOW,ACTIVE
MT5000021280,C00262,CURRENT,USD,2021-05-22,MEDIUM,ACTIVE
MT5000021376,C00263,SAVINGS,INR,2023-06-14,LOW,ACTIVE
MT5000021403,C00264,SAVINGS,INR,2022-11-10,LOW,ACTIVE
MT5000021440,C00264,WALLET,INR,2022-06-05,LOW,ACTIVE
MT5000021459,C00265,SAVINGS,INR,2026-01-23,LOW,ACTIVE
MT5000021539,C00266,SAVINGS,INR,2023-09-11,MEDIUM,ACTIVE
MT5000021627,C00267,BUSINESS,INR,2022-08-05,LOW,ACTIVE
MT5000021645,C00268,SAVINGS,INR,2021-05-03,LOW,ACTIVE
MT5000021733,C00269,SAVINGS,INR,2025-01-12,LOW,ACTIVE
MT5000021824,C00269,NRE,INR,2022-02-04,LOW,ACTIVE
MT5000021896,C00270,SAVINGS,INR,2025-11-22,LOW,ACTIVE
MT5000021957,C00271,SAVINGS,INR,2021-02-16,LOW,ACTIVE
MT5000022035,C00271,WALLET,INR,2021-09-21,LOW,ACTIVE
MT5000022041,C00272,SAVINGS,INR,2026-03-12,LOW,ACTIVE
MT5000022121,C00272,NRE,INR,2024-07-11,MEDIUM,ACTIVE
MT5000022138,C00273,SAVINGS,INR,2021-03-21,MEDIUM,ACTIVE
MT5000022213,C00273,CURRENT,INR,2023-05-26,MEDIUM,ACTIVE
MT5000022273,C00274,SAVINGS,INR,2025-06-25,LOW,ACTIVE
MT5000022329,C00275,SAVINGS,INR,2025-06-05,LOW,ACTIVE
MT5000022370,C00275,CURRENT,INR,2023-06-04,MEDIUM,ACTIVE
MT5000022466,C00276,SAVINGS,INR,2024-03-14,MEDIUM,ACTIVE
MT5000022503,C00276,NRE,INR,2022-10-14,MEDIUM,ACTIVE
MT5000022570,C00277,SAVINGS,INR,2024-06-19,LOW,ACTIVE
MT5000022592,C00277,NRE,INR,2022-02-02,MEDIUM,ACTIVE
MT5000022612,C00278,SAVINGS,INR,2023-02-08,MEDIUM,ACTIVE
MT5000022697,C00278,WALLET,INR,2021-09-30,LOW,ACTIVE
MT5000022704,C00279,SAVINGS,INR,2024-12-07,LOW,ACTIVE
MT5000022725,C00280,SAVINGS,INR,2022-04-07,HIGH,ACTIVE
MT5000022740,C00280,NRE,INR,2025-12-29,HIGH,ACTIVE
MT5000022812,C00281,SAVINGS,INR,2023-07-03,LOW,ACTIVE
MT5000022827,C00281,WALLET,INR,2021-05-12,LOW,ACTIVE
MT5000022854,C00282,SAVINGS,INR,2021-05-09,LOW,ACTIVE
MT5000022950,C00283,SAVINGS,INR,2023-05-16,MEDIUM,ACTIVE
MT5000023023,C00283,WALLET,INR,2022-12-09,MEDIUM,ACTIVE
MT5000023024,C00284,BUSINESS,INR,2023-04-10,LOW,ACTIVE
MT5000023048,C00284,CURRENT,INR,2025-10-16,LOW,ACTIVE
MT5000023061,C00285,BUSINESS,INR,2021-03-31,LOW,ACTIVE
MT5000023098,C00285,CURRENT,INR,2022-05-29,LOW,ACTIVE
MT5000023112,C00286,SAVINGS,INR,2021-07-12,LOW,ACTIVE
MT5000023171,C00287,SAVINGS,INR,2021-07-25,LOW,ACTIVE
MT5000023252,C00288,SAVINGS,INR,2024-09-17,LOW,ACTIVE
MT5000023253,C00288,NRE,INR,2025-12-23,LOW,ACTIVE
MT5000023295,C00289,SAVINGS,INR,2020-11-28,LOW,ACTIVE
MT5000023389,C00289,WALLET,INR,2025-07-01,LOW,ACTIVE
MT5000023472,C00290,SAVINGS,INR,2024-08-20,LOW,ACTIVE
MT5000023482,C00291,SAVINGS,INR,2023-02-26,MEDIUM,ACTIVE
MT5000023534,C00292,SAVINGS,INR,2024-10-16,LOW,ACTIVE
MT5000023586,C00293,SAVINGS,INR,2025-09-21,LOW,ACTIVE
MT5000023613,C00293,CURRENT,INR,2023-12-19,LOW,ACTIVE
MT5000023697,C00294,SAVINGS,INR,2025-05-11,LOW,ACTIVE
MT5000023760,C00294,NRE,INR,2022-02-04,MEDIUM,ACTIVE
MT5000023848,C00295,SAVINGS,INR,2022-11-03,LOW,ACTIVE
MT5000023896,C00296,SAVINGS,INR,2023-05-08,LOW,ACTIVE
MT5000023954,C00296,NRE,INR,2023-07-21,LOW,ACTIVE
MT5000023966,C00297,SAVINGS,INR,2021-12-24,LOW,ACTIVE
MT5000024014,C00297,WALLET,INR,2025-03-06,LOW,ACTIVE
MT5000024020,C00298,SAVINGS,INR,2023-05-06,MEDIUM,ACTIVE
MT5000024080,C00298,WALLET,INR,2024-12-18,MEDIUM,ACTIVE
MT5000024144,C00299,SAVINGS,INR,2023-04-08,MEDIUM,ACTIVE
MT5000024212,C00299,CURRENT,INR,2023-10-09,MEDIUM,ACTIVE
MT5000024251,C00300,SAVINGS,INR,2025-05-22,MEDIUM,ACTIVE
MT5000024339,C00300,NRE,INR,2021-07-03,MEDIUM,ACTIVE
MT5000024412,C00301,SAVINGS,INR,2025-12-15,LOW,ACTIVE
MT5000024418,C00301,WALLET,INR,2025-08-14,LOW,ACTIVE
MT5000024478,C00302,SAVINGS,INR,2022-07-08,MEDIUM,ACTIVE
MT5000024511,C00302,NRE,INR,2024-10-17,MEDIUM,ACTIVE
MT5000024514,C00303,SAVINGS,INR,2025-08-01,LOW,ACTIVE
MT5000024574,C00303,CURRENT,INR,2021-06-30,LOW,ACTIVE
MT5000024665,C00304,SAVINGS,INR,2024-07-21,LOW,ACTIVE
MT5000024762,C00305,SAVINGS,INR,2022-06-19,LOW,ACTIVE
MT5000024796,C00305,NRE,INR,2021-01-27,MEDIUM,ACTIVE
MT5000024820,C00306,BUSINESS,INR,2025-10-13,MEDIUM,ACTIVE
MT5000024907,C00307,SAVINGS,INR,2025-08-17,MEDIUM,ACTIVE
MT5000024910,C00307,CURRENT,INR,2026-02-23,MEDIUM,ACTIVE
MT5000024999,C00308,BUSINESS,INR,2023-12-14,MEDIUM,ACTIVE
MT5000025095,C00308,CURRENT,INR,2023-06-30,LOW,ACTIVE
MT5000025174,C00309,SAVINGS,INR,2024-03-14,LOW,ACTIVE
MT5000025263,C00309,WALLET,INR,2024-01-04,MEDIUM,ACTIVE
MT5000025281,C00310,BUSINESS,INR,2026-02-22,LOW,ACTIVE
MT5000025371,C00311,SAVINGS,INR,2025-03-02,MEDIUM,ACTIVE
MT5000025398,C00311,NRE,INR,2022-08-02,LOW,ACTIVE
MT5000025479,C00312,SAVINGS,INR,2021-05-30,MEDIUM,ACTIVE
MT5000025518,C00313,SAVINGS,INR,2021-11-27,LOW,ACTIVE
MT5000025521,C00314,SAVINGS,INR,2025-07-27,LOW,ACTIVE
MT5000025541,C00314,WALLET,INR,2022-04-14,LOW,ACTIVE
MT5000025544,C00315,SAVINGS,INR,2021-05-27,MEDIUM,ACTIVE
MT5000025576,C00315,CURRENT,INR,2021-07-28,MEDIUM,ACTIVE
MT5000025578,C00316,SAVINGS,INR,2025-08-24,LOW,ACTIVE
MT5000025632,C00317,SAVINGS,INR,2021-06-19,LOW,ACTIVE
MT5000025707,C00317,WALLET,INR,2022-02-14,LOW,ACTIVE
MT5000025770,C00318,SAVINGS,INR,2023-12-25,LOW,ACTIVE
MT5000025849,C00319,SAVINGS,INR,2020-12-23,LOW,ACTIVE
MT5000025912,C00319,CURRENT,INR,2023-04-06,LOW,ACTIVE
MT5000025983,C00320,SAVINGS,INR,2025-11-12,MEDIUM,ACTIVE
MT5000026066,C00320,NRE,INR,2021-03-28,MEDIUM,ACTIVE
MT5000026149,C00321,SAVINGS,INR,2024-04-11,LOW,ACTIVE
MT5000026205,C00321,CURRENT,USD,2022-02-24,LOW,ACTIVE
MT5000026235,C00322,SAVINGS,INR,2023-05-18,HIGH,ACTIVE
MT5000026279,C00323,SAVINGS,INR,2021-01-20,LOW,ACTIVE
MT5000026371,C00323,WALLET,INR,2023-08-06,LOW,ACTIVE
MT5000026463,C00324,BUSINESS,INR,2024-01-13,MEDIUM,ACTIVE
MT5000026550,C00325,SAVINGS,INR,2022-07-25,LOW,ACTIVE
MT5000026611,C00325,CURRENT,INR,2024-08-21,LOW,ACTIVE
MT5000026673,C00326,SAVINGS,INR,2025-07-01,MEDIUM,ACTIVE
MT5000026736,C00327,SAVINGS,INR,2025-08-28,LOW,ACTIVE
MT5000026800,C00328,SAVINGS,INR,2024-07-09,LOW,ACTIVE
MT5000026872,C00328,CURRENT,INR,2024-03-18,MEDIUM,ACTIVE
MT5000026893,C00329,SAVINGS,INR,2025-03-30,MEDIUM,ACTIVE
MT5000026898,C00330,SAVINGS,INR,2021-09-12,LOW,ACTIVE
MT5000026954,C00330,CURRENT,INR,2025-07-18,LOW,ACTIVE
MT5000026998,C00331,SAVINGS,INR,2021-10-27,MEDIUM,ACTIVE
MT5000027004,C00331,WALLET,INR,2024-09-21,MEDIUM,ACTIVE
MT5000027070,C00332,BUSINESS,INR,2022-11-01,LOW,ACTIVE
MT5000027161,C00332,CURRENT,USD,2020-12-01,LOW,ACTIVE
MT5000027258,C00333,BUSINESS,INR,2025-08-07,MEDIUM,ACTIVE
MT5000027337,C00333,CURRENT,INR,2021-05-30,MEDIUM,ACTIVE
MT5000027343,C00334,SAVINGS,INR,2023-05-19,MEDIUM,ACTIVE
MT5000027424,C00334,CURRENT,INR,2021-02-11,MEDIUM,ACTIVE
MT5000027515,C00335,BUSINESS,INR,2023-09-30,LOW,ACTIVE
MT5000027579,C00335,CURRENT,INR,2025-08-31,LOW,ACTIVE
MT5000027597,C00336,SAVINGS,INR,2025-07-14,MEDIUM,ACTIVE
MT5000027651,C00337,SAVINGS,INR,2021-11-28,LOW,ACTIVE
MT5000027683,C00337,NRE,INR,2024-04-22,LOW,ACTIVE
MT5000027718,C00338,SAVINGS,INR,2024-02-19,MEDIUM,ACTIVE
MT5000027799,C00339,BUSINESS,INR,2022-06-30,LOW,ACTIVE
MT5000027896,C00339,CURRENT,INR,2023-11-10,LOW,ACTIVE
MT5000027951,C00340,SAVINGS,INR,2023-11-27,MEDIUM,ACTIVE
MT5000028018,C00341,SAVINGS,INR,2021-10-07,MEDIUM,ACTIVE
MT5000028022,C00341,NRE,INR,2025-05-28,MEDIUM,ACTIVE
MT5000028089,C00342,BUSINESS,INR,2020-12-06,LOW,ACTIVE
MT5000028133,C00342,CURRENT,INR,2021-11-22,LOW,ACTIVE
MT5000028138,C00343,SAVINGS,INR,2022-07-09,MEDIUM,ACTIVE
MT5000028212,C00344,SAVINGS,INR,2025-11-24,MEDIUM,ACTIVE
MT5000028297,C00345,SAVINGS,INR,2021-04-24,LOW,ACTIVE
MT5000028335,C00345,NRE,INR,2023-12-20,MEDIUM,ACTIVE
MT5000028374,C00346,BUSINESS,INR,2022-03-06,MEDIUM,ACTIVE
MT5000028419,C00346,CURRENT,USD,2024-08-27,MEDIUM,ACTIVE
MT5000028438,C00347,SAVINGS,INR,2022-04-18,LOW,ACTIVE
MT5000028521,C00347,CURRENT,INR,2022-09-21,LOW,ACTIVE
MT5000028611,C00348,SAVINGS,INR,2024-04-14,MEDIUM,ACTIVE
MT5000028695,C00348,NRE,INR,2021-11-15,LOW,ACTIVE
MT5000028700,C00349,SAVINGS,INR,2023-03-18,LOW,ACTIVE
MT5000028795,C00350,SAVINGS,INR,2021-04-16,LOW,ACTIVE
MT5000028865,C00350,NRE,INR,2025-01-09,LOW,ACTIVE
MT5000028932,C00351,SAVINGS,INR,2024-04-24,LOW,ACTIVE
MT5000028953,C00351,CURRENT,USD,2021-10-03,LOW,ACTIVE
MT5000028992,C00352,SAVINGS,INR,2022-02-24,LOW,ACTIVE
MT5000029086,C00353,SAVINGS,INR,2025-11-20,MEDIUM,ACTIVE
MT5000029120,C00353,WALLET,INR,2023-05-18,LOW,ACTIVE
MT5000029204,C00354,SAVINGS,INR,2020-12-11,LOW,ACTIVE
MT5000029299,C00355,SAVINGS,INR,2026-03-12,HIGH,ACTIVE
MT5000029395,C00356,BUSINESS,INR,2022-12-17,LOW,ACTIVE
MT5000029476,C00356,CURRENT,INR,2021-06-27,LOW,ACTIVE
MT5000029513,C00357,SAVINGS,INR,2022-06-26,MEDIUM,ACTIVE
MT5000029600,C00358,BUSINESS,INR,2025-06-09,LOW,ACTIVE
MT5000029667,C00358,CURRENT,INR,2025-08-19,LOW,ACTIVE
MT5000029714,C00359,BUSINESS,INR,2023-09-04,LOW,ACTIVE
MT5000029806,C00359,CURRENT,INR,2023-11-30,LOW,ACTIVE
MT5000029823,C00360,SAVINGS,INR,2023-07-21,LOW,ACTIVE
MT5000029910,C00361,SAVINGS,INR,2023-04-10,MEDIUM,ACTIVE
MT5000029961,C00362,BUSINESS,INR,2021-05-02,HIGH,ACTIVE
MT5000030025,C00362,CURRENT,INR,2023-10-03,HIGH,ACTIVE
MT5000030119,C00363,SAVINGS,INR,2023-11-20,MEDIUM,ACTIVE
MT5000030138,C00363,WALLET,INR,2025-07-05,MEDIUM,ACTIVE
MT5000030229,C00364,SAVINGS,INR,2023-05-06,MEDIUM,ACTIVE
MT5000030245,C00364,WALLET,INR,2025-01-11,LOW,ACTIVE
MT5000030266,C00365,SAVINGS,INR,2020-12-05,LOW,ACTIVE
MT5000030282,C00366,SAVINGS,INR,2022-11-06,MEDIUM,ACTIVE
MT5000030297,C00366,CURRENT,INR,2024-08-06,LOW,ACTIVE
MT5000030345,C00367,BUSINESS,INR,2024-07-06,MEDIUM,ACTIVE
MT5000030408,C00368,BUSINESS,INR,2026-01-24,LOW,ACTIVE
MT5000030484,C00369,SAVINGS,INR,2023-11-10,LOW,ACTIVE
MT5000030521,C00370,SAVINGS,INR,2025-01-05,LOW,ACTIVE
MT5000030616,C00370,NRE,INR,2026-03-18,LOW,ACTIVE
MT5000030622,C00371,SAVINGS,INR,2023-11-18,LOW,ACTIVE
MT5000030680,C00372,SAVINGS,INR,2021-03-05,MEDIUM,ACTIVE
MT5000030773,C00373,SAVINGS,INR,2021-07-19,MEDIUM,ACTIVE
MT5000030838,C00374,SAVINGS,INR,2022-08-27,MEDIUM,ACTIVE
MT5000030896,C00374,WALLET,INR,2023-09-15,MEDIUM,ACTIVE
MT5000030908,C00375,SAVINGS,INR,2021-09-26,LOW,ACTIVE
MT5000030988,C00375,NRE,INR,2024-01-19,LOW,ACTIVE
MT5000031058,C00376,SAVINGS,INR,2025-12-19,MEDIUM,ACTIVE
MT5000031153,C00377,SAVINGS,INR,2024-08-31,LOW,ACTIVE
MT5000031175,C00377,WALLET,INR,2026-01-31,LOW,ACTIVE
MT5000031266,C00378,BUSINESS,INR,2024-06-28,LOW,ACTIVE
MT5000031282,C00378,CURRENT,INR,2025-09-29,LOW,ACTIVE
MT5000031356,C00379,SAVINGS,INR,2021-12-22,LOW,ACTIVE
MT5000031429,C00379,WALLET,INR,2025-02-28,LOW,ACTIVE
MT5000031432,C00380,SAVINGS,INR,2025-07-19,LOW,ACTIVE
MT5000031501,C00380,CURRENT,INR,2024-09-05,LOW,ACTIVE
MT5000031592,C00381,SAVINGS,INR,2021-07-08,MEDIUM,ACTIVE
MT5000031661,C00382,SAVINGS,INR,2022-10-27,LOW,ACTIVE
MT5000031737,C00382,CURRENT,INR,2020-12-26,LOW,ACTIVE
MT5000031791,C00383,SAVINGS,INR,2026-02-01,MEDIUM,ACTIVE
MT5000031832,C00383,NRE,INR,2024-10-12,LOW,ACTIVE
MT5000031902,C00384,SAVINGS,INR,2025-04-12,HIGH,ACTIVE
MT5000031926,C00384,NRE,INR,2021-11-30,HIGH,ACTIVE
MT5000031979,C00385,SAVINGS,INR,2022-06-02,LOW,ACTIVE
MT5000032021,C00386,SAVINGS,INR,2025-03-16,LOW,ACTIVE
MT5000032029,C00386,NRE,INR,2024-01-14,LOW,ACTIVE
MT5000032071,C00387,SAVINGS,INR,2024-10-10,MEDIUM,ACTIVE
MT5000032087,C00388,BUSINESS,INR,2025-12-06,LOW,ACTIVE
MT5000032184,C00388,CURRENT,INR,2024-11-23,LOW,ACTIVE
MT5000032234,C00389,SAVINGS,INR,2025-07-30,LOW,ACTIVE
MT5000032275,C00389,NRE,INR,2023-02-14,LOW,ACTIVE
MT5000032328,C00390,SAVINGS,INR,2022-09-02,LOW,ACTIVE
MT5000032331,C00390,NRE,INR,2023-02-12,MEDIUM,ACTIVE
MT5000032363,C00391,SAVINGS,INR,2021-12-11,LOW,ACTIVE
MT5000032380,C00391,NRE,INR,2023-01-14,LOW,ACTIVE
MT5000032462,C00392,SAVINGS,INR,2023-06-02,LOW,ACTIVE
MT5000032510,C00393,SAVINGS,INR,2023-03-12,MEDIUM,ACTIVE
MT5000032542,C00393,WALLET,INR,2023-11-06,MEDIUM,ACTIVE
MT5000032548,C00394,SAVINGS,INR,2026-03-20,MEDIUM,ACTIVE
MT5000032628,C00394,NRE,INR,2022-07-24,MEDIUM,ACTIVE
MT5000032690,C00395,SAVINGS,INR,2024-09-09,LOW,ACTIVE
MT5000032739,C00396,SAVINGS,INR,2024-04-02,MEDIUM,ACTIVE
MT5000032767,C00396,WALLET,INR,2021-07-05,LOW,ACTIVE
MT5000032862,C00397,SAVINGS,INR,2023-03-25,LOW,ACTIVE
MT5000032913,C00398,SAVINGS,INR,2022-04-22,LOW,ACTIVE
MT5000032985,C00399,SAVINGS,INR,2024-08-27,MEDIUM,ACTIVE
MT5000033050,C00400,SAVINGS,INR,2021-09-22,HIGH,ACTIVE
MT5000033094,C00401,SAVINGS,INR,2022-08-30,MEDIUM,ACTIVE
MT5000033191,C00401,WALLET,INR,2023-09-07,MEDIUM,ACTIVE
MT5000033233,C00402,SAVINGS,INR,2024-04-22,LOW,ACTIVE
MT5000033310,C00402,NRE,INR,2026-02-18,MEDIUM,ACTIVE
MT5000033311,C00403,SAVINGS,INR,2022-10-23,LOW,ACTIVE
MT5000033398,C00404,SAVINGS,INR,2025-04-01,MEDIUM,ACTIVE
MT5000033488,C00404,WALLET,INR,2023-06-25,MEDIUM,ACTIVE
MT5000033572,C00405,BUSINESS,INR,2022-07-28,LOW,ACTIVE
MT5000033576,C00405,CURRENT,INR,2021-08-24,LOW,ACTIVE
MT5000033622,C00406,SAVINGS,INR,2021-08-31,LOW,ACTIVE
MT5000033699,C00406,NRE,INR,2024-01-20,LOW,ACTIVE
MT5000033789,C00407,SAVINGS,INR,2026-03-05,LOW,ACTIVE
MT5000033837,C00407,CURRENT,INR,2024-12-24,LOW,ACTIVE
MT5000033925,C00408,SAVINGS,INR,2021-01-20,LOW,ACTIVE
MT5000033950,C00408,CURRENT,INR,2022-09-19,LOW,ACTIVE
MT5000033980,C00409,SAVINGS,INR,2023-06-15,MEDIUM,ACTIVE
MT5000033985,C00409,NRE,INR,2023-06-17,MEDIUM,ACTIVE
MT5000034012,C00410,SAVINGS,INR,2026-03-08,LOW,ACTIVE
MT5000034094,C00410,NRE,INR,2025-08-07,MEDIUM,ACTIVE
MT5000034158,C00411,SAVINGS,INR,2025-04-07,LOW,ACTIVE
MT5000034243,C00411,WALLET,INR,2023-01-19,LOW,ACTIVE
MT5000034266,C00412,SAVINGS,INR,2025-11-09,LOW,ACTIVE
MT5000034362,C00412,CURRENT,USD,2020-12-27,LOW,ACTIVE
MT5000034429,C00413,SAVINGS,INR,2022-02-19,LOW,ACTIVE
MT5000034516,C00414,SAVINGS,INR,2026-02-03,MEDIUM,ACTIVE
MT5000034585,C00415,SAVINGS,INR,2022-10-11,LOW,ACTIVE
MT5000034657,C00415,NRE,INR,2026-03-18,MEDIUM,ACTIVE
MT5000034741,C00416,SAVINGS,INR,2025-12-06,MEDIUM,ACTIVE
MT5000034783,C00416,NRE,INR,2021-06-27,MEDIUM,ACTIVE
MT5000034871,C00417,SAVINGS,INR,2023-04-26,MEDIUM,ACTIVE
MT5000034877,C00418,SAVINGS,INR,2021-04-07,MEDIUM,ACTIVE
MT5000034931,C00419,SAVINGS,INR,2023-03-28,LOW,ACTIVE
MT5000034956,C00420,SAVINGS,INR,2024-05-06,LOW,ACTIVE
MT5000034960,C00421,SAVINGS,INR,2022-02-01,LOW,ACTIVE
MT5000035049,C00421,NRE,INR,2025-10-21,MEDIUM,ACTIVE
MT5000035092,C00422,SAVINGS,INR,2024-06-24,MEDIUM,ACTIVE
MT5000035096,C00423,SAVINGS,INR,2023-07-14,MEDIUM,ACTIVE
MT5000035100,C00423,WALLET,INR,2021-10-02,MEDIUM,ACTIVE
MT5000035133,C00424,SAVINGS,INR,2024-11-01,LOW,ACTIVE
MT5000035177,C00425,SAVINGS,INR,2021-07-22,LOW,ACTIVE
MT5000035208,C00426,SAVINGS,INR,2020-12-06,HIGH,ACTIVE
MT5000035265,C00427,SAVINGS,INR,2021-12-09,LOW,ACTIVE
MT5000035323,C00427,WALLET,INR,2025-07-10,LOW,ACTIVE
MT5000035328,C00428,BUSINESS,INR,2024-02-09,LOW,ACTIVE
MT5000035337,C00429,BUSINESS,INR,2021-11-01,LOW,ACTIVE
MT5000035394,C00429,CURRENT,USD,2022-10-19,LOW,ACTIVE
MT5000035481,C00430,SAVINGS,INR,2025-11-28,LOW,ACTIVE
MT5000035530,C00431,SAVINGS,INR,2023-12-21,LOW,ACTIVE
MT5000035560,C00432,SAVINGS,INR,2021-05-17,LOW,ACTIVE
MT5000035645,C00432,WALLET,INR,2026-03-01,LOW,ACTIVE
MT5000035700,C00433,SAVINGS,INR,2021-04-15,LOW,ACTIVE
MT5000035713,C00433,NRE,INR,2022-07-28,MEDIUM,ACTIVE
MT5000035772,C00434,SAVINGS,INR,2023-04-28,LOW,ACTIVE
MT5000035797,C00434,CURRENT,USD,2022-11-20,LOW,ACTIVE
MT5000035822,C00435,BUSINESS,INR,2021-02-24,LOW,ACTIVE
MT5000035904,C00435,CURRENT,INR,2024-03-25,LOW,ACTIVE
MT5000035961,C00436,SAVINGS,INR,2025-03-07,LOW,ACTIVE
MT5000035967,C00436,CURRENT,USD,2022-12-11,LOW,ACTIVE
MT5000036064,C00437,SAVINGS,INR,2024-03-20,LOW,ACTIVE
MT5000036134,C00437,CURRENT,USD,2024-06-28,LOW,ACTIVE
MT5000036136,C00438,SAVINGS,INR,2023-04-27,LOW,ACTIVE
MT5000036144,C00439,SAVINGS,INR,2024-11-21,LOW,ACTIVE
MT5000036216,C00439,CURRENT,INR,2025-02-15,MEDIUM,ACTIVE
MT5000036242,C00440,SAVINGS,INR,2021-10-26,LOW,ACTIVE
MT5000036267,C00440,WALLET,INR,2023-07-22,LOW,ACTIVE
MT5000036344,C00441,SAVINGS,INR,2022-05-04,MEDIUM,ACTIVE
MT5000036419,C00441,WALLET,INR,2024-05-04,MEDIUM,ACTIVE
MT5000036440,C00442,SAVINGS,INR,2025-08-20,LOW,ACTIVE
MT5000036446,C00442,NRE,INR,2024-12-28,MEDIUM,ACTIVE
MT5000036535,C00443,SAVINGS,INR,2024-12-06,LOW,ACTIVE
MT5000036563,C00443,CURRENT,INR,2021-11-30,MEDIUM,ACTIVE
MT5000036658,C00444,SAVINGS,INR,2024-02-12,LOW,ACTIVE
MT5000036659,C00445,SAVINGS,INR,2024-03-09,LOW,ACTIVE
MT5000036731,C00446,SAVINGS,INR,2025-07-30,LOW,ACTIVE
MT5000036812,C00447,SAVINGS,INR,2022-12-09,MEDIUM,ACTIVE
MT5000036859,C00447,CURRENT,INR,2025-02-08,MEDIUM,ACTIVE
MT5000036893,C00448,SAVINGS,INR,2022-03-11,MEDIUM,ACTIVE
MT5000036925,C00449,SAVINGS,INR,2025-03-22,LOW,ACTIVE
MT5000036948,C00449,NRE,INR,2021-02-11,LOW,ACTIVE
MT5000036966,C00450,SAVINGS,INR,2024-02-05,MEDIUM,ACTIVE
MT5000036981,C00450,NRE,INR,2020-12-21,MEDIUM,ACTIVE
MT5000037029,C00451,SAVINGS,INR,2021-09-07,LOW,ACTIVE
MT5000037051,C00451,WALLET,INR,2021-09-28,MEDIUM,ACTIVE
MT5000037143,C00452,SAVINGS,INR,2025-11-09,LOW,ACTIVE
MT5000037160,C00452,CURRENT,USD,2024-02-07,LOW,ACTIVE
MT5000037215,C00453,SAVINGS,INR,2022-08-28,LOW,ACTIVE
MT5000037294,C00454,SAVINGS,INR,2022-12-06,LOW,ACTIVE
MT5000037314,C00455,SAVINGS,INR,2024-05-20,LOW,ACTIVE
MT5000037395,C00455,NRE,INR,2021-04-30,LOW,ACTIVE
MT5000037470,C00456,SAVINGS,INR,2021-04-03,LOW,ACTIVE
MT5000037564,C00456,CURRENT,INR,2021-10-15,LOW,ACTIVE
MT5000037630,C00457,SAVINGS,INR,2024-01-18,MEDIUM,ACTIVE
MT5000037696,C00458,SAVINGS,INR,2024-02-15,LOW,ACTIVE
MT5000037756,C00458,CURRENT,INR,2024-02-16,LOW,ACTIVE
MT5000037820,C00459,SAVINGS,INR,2023-07-26,LOW,ACTIVE
MT5000037872,C00459,WALLET,INR,2021-01-21,LOW,ACTIVE
MT5000037899,C00460,SAVINGS,INR,2024-12-28,MEDIUM,ACTIVE
MT5000037957,C00460,CURRENT,INR,2024-07-04,LOW,ACTIVE
MT5000037978,C00461,SAVINGS,INR,2020-12-23,MEDIUM,ACTIVE
MT5000037989,C00462,SAVINGS,INR,2025-06-20,LOW,ACTIVE
MT5000038056,C00463,BUSINESS,INR,2024-04-01,LOW,ACTIVE
MT5000038122,C00464,SAVINGS,INR,2022-09-27,LOW,ACTIVE
MT5000038178,C00465,SAVINGS,INR,2023-12-06,MEDIUM,ACTIVE
MT5000038242,C00465,NRE,INR,2024-09-09,MEDIUM,ACTIVE
MT5000038272,C00466,SAVINGS,INR,2024-09-25,LOW,ACTIVE
MT5000038283,C00467,BUSINESS,INR,2024-07-27,MEDIUM,ACTIVE
MT5000038366,C00468,SAVINGS,INR,2025-10-13,LOW,ACTIVE
MT5000038396,C00468,CURRENT,USD,2024-03-15,LOW,ACTIVE
MT5000038422,C00469,SAVINGS,INR,2022-06-09,LOW,ACTIVE
MT5000038510,C00470,SAVINGS,INR,2021-06-25,LOW,ACTIVE
MT5000038528,C00471,SAVINGS,INR,2021-06-05,MEDIUM,ACTIVE
MT5000038623,C00471,WALLET,INR,2021-02-08,MEDIUM,ACTIVE
MT5000038660,C00472,SAVINGS,INR,2021-08-11,LOW,ACTIVE
MT5000038712,C00472,NRE,INR,2021-08-12,LOW,ACTIVE
MT5000038773,C00473,SAVINGS,INR,2022-07-22,LOW,ACTIVE
MT5000038793,C00473,NRE,INR,2024-12-11,LOW,ACTIVE
MT5000038854,C00474,SAVINGS,INR,2024-11-29,LOW,ACTIVE
MT5000038925,C00474,NRE,INR,2022-03-04,MEDIUM,ACTIVE
MT5000038936,C00475,SAVINGS,INR,2024-06-19,MEDIUM,ACTIVE
MT5000039026,C00476,SAVINGS,INR,2023-11-18,LOW,ACTIVE
MT5000039084,C00476,WALLET,INR,2026-01-20,LOW,ACTIVE
MT5000039101,C00477,SAVINGS,INR,2024-07-05,MEDIUM,ACTIVE
MT5000039103,C00477,NRE,INR,2021-09-05,LOW,ACTIVE
MT5000039132,C00478,SAVINGS,INR,2023-11-15,LOW,ACTIVE
MT5000039221,C00479,SAVINGS,INR,2023-03-17,LOW,ACTIVE
MT5000039297,C00479,CURRENT,INR,2026-01-16,MEDIUM,ACTIVE
MT5000039340,C00480,SAVINGS,INR,2023-01-14,LOW,ACTIVE
MT5000039418,C00481,BUSINESS,INR,2023-01-02,MEDIUM,ACTIVE
MT5000039467,C00481,CURRENT,USD,2024-01-12,LOW,ACTIVE
MT5000039528,C00482,SAVINGS,INR,2025-08-12,LOW,ACTIVE
MT5000039610,C00483,SAVINGS,INR,2021-03-16,LOW,ACTIVE
MT5000039632,C00483,CURRENT,INR,2025-03-24,LOW,ACTIVE
MT5000039695,C00484,SAVINGS,INR,2026-01-27,LOW,ACTIVE
MT5000039704,C00484,NRE,INR,2024-08-18,LOW,ACTIVE
MT5000039772,C00485,SAVINGS,INR,2025-10-30,LOW,ACTIVE
MT5000039774,C00486,SAVINGS,INR,2025-04-05,HIGH,ACTIVE
MT5000039825,C00487,SAVINGS,INR,2025-05-05,MEDIUM,ACTIVE
MT5000039842,C00487,WALLET,INR,2023-11-17,HIGH,ACTIVE
MT5000039869,C00488,SAVINGS,INR,2025-06-29,MEDIUM,ACTIVE
MT5000039960,C00489,SAVINGS,INR,2022-06-30,LOW,ACTIVE
MT5000040000,C00490,SAVINGS,INR,2022-12-05,LOW,ACTIVE
MT5000040092,C00490,WALLET,INR,2023-08-26,LOW,ACTIVE
MT5000040111,C00491,SAVINGS,INR,2023-09-22,MEDIUM,ACTIVE
MT5000040143,C00492,SAVINGS,INR,2023-04-11,LOW,ACTIVE
MT5000040206,C00493,SAVINGS,INR,2023-08-23,LOW,ACTIVE
MT5000040212,C00493,WALLET,INR,2025-09-17,LOW,ACTIVE
MT5000040271,C00494,SAVINGS,INR,2024-04-11,LOW,ACTIVE
MT5000040363,C00494,NRE,INR,2024-01-12,LOW,ACTIVE
MT5000040386,C00495,SAVINGS,INR,2023-11-23,LOW,ACTIVE
MT5000040466,C00495,WALLET,INR,2023-10-20,LOW,ACTIVE
MT5000040490,C00496,SAVINGS,INR,2022-04-22,MEDIUM,ACTIVE
MT5000040541,C00496,WALLET,INR,2020-12-02,MEDIUM,ACTIVE
MT5000040562,C00497,SAVINGS,INR,2024-09-08,MEDIUM,ACTIVE
MT5000040631,C00497,NRE,INR,2022-06-26,MEDIUM,ACTIVE
MT5000040724,C00498,SAVINGS,INR,2021-03-01,LOW,ACTIVE
MT5000040788,C00498,NRE,INR,2021-12-13,LOW,ACTIVE
MT5000040798,C00499,SAVINGS,INR,2021-12-26,LOW,ACTIVE
MT5000040840,C00499,NRE,INR,2023-09-11,LOW,ACTIVE
MT5000040846,C00500,SAVINGS,INR,2023-08-19,LOW,ACTIVE
